{
    "Uncategorized": [
        11.983022689475963,
        10.000000099997804,
        0.32631965512606437
    ],
    "power": [
        928.1321961200234,
        [
            928.1321961200234,
            928.1321961200234,
            928.1321961200234,
            928.1321961200234,
            928.1321961200234,
            928.1321961200234,
            928.1321961200234,
            928.1321961200234,
            928.1321961200234,
            928.1321961200234,
            928.1321961200234,
            928.1321961200234,
            928.1321961200234,
            928.1321961200234,
            928.1321961200234,
            928.1321961200234,
            928.1321961200234,
            928.1321960921009,
            928.0081586560763,
            926.2639195824615,
            922.8166601403051,
            917.6245661482424,
            910.6528493270505,
            901.8738886100534,
            891.2673655003434,
            878.8208276544912,
            864.5393163919799,
            848.602772373995,
            831.9555398840547,
            815.2365171048929,
            798.5135201941874,
            781.7903077529044,
            765.0670830651617,
            748.3438576377872,
            731.6206321623935,
            714.8974066836125,
            698.1741812045692,
            681.4509557255033,
            664.7277302464353,
            648.0045047673669,
            631.2812792882986,
            614.5580538092304,
            597.834828330162,
            581.1116028510937,
            564.3883773720255,
            547.6651518929573,
            530.941926413889,
            514.2187009348207,
            497.49547545575234,
            480.7722499766841,
            464.04902449761585,
            447.32579901854746,
            430.6025735394792,
            413.87934806041096,
            397.1561225813427,
            380.4328971022744,
            363.70967162320613,
            346.9864461441378,
            330.2632206650695,
            313.5399951860013,
            296.8167697069329,
            280.09354422786464,
            263.3703187487964,
            246.64709326972834,
            229.92386779066246,
            213.2006423116191,
            196.47741683283812,
            179.75419135744457,
            163.03096593006998,
            146.30774124232724,
            129.5845288010443,
            112.86153189033884,
            96.14250911117705,
            79.4952766212369,
            63.558732603251926,
            49.277221340740816,
            36.83068349488828,
            26.2241603851785,
            17.445199668181605,
            10.47348284698982,
            5.28138885492708,
            1.8341294127703875,
            0.08989033992527778,
            -9.92293067549898e-09,
            1.5091252382773075,
            4.555494288113306,
            9.071145404942902,
            14.98220057381407,
            22.209162980156318,
            30.66723711539516,
            40.266670218537044,
            50.91311367886018,
            62.50800294447024,
            74.948954406963,
            88.13017766407982,
            101.94290150031937,
            116.27581187023239,
            131.01550012079517,
            146.04691964802828,
            161.25384914906593
        ],
        46.16843629263382
    ]
}