{
    "Uncategorized": [
        15.392534182077103,
        7.387320387887097,
        0.4231621554092271
    ],
    "power": [
        1729.1223264413766,
        [
            1729.1223264413766,
            1729.1223264413766,
            1729.1223264413766,
            1729.1223264413766,
            1729.1223264413766,
            1729.1223264413766,
            1729.1223264413766,
            1729.1223264413766,
            1729.1223264413766,
            1729.1223264413766,
            1729.1223264413766,
            1729.1223264413766,
            1729.122326441131,
            1729.121395314231,
            1727.968921983418,
            1725.0989430998386,
            1720.4205263351066,
            1713.8500222810135,
            1705.3114002970656,
            1694.7365546590536,
            1682.0655787970202,
            1667.2470065222367,
            1650.2380193430192,
            1631.0046203949007,
            1609.521801042493,
            1585.7742345557738,
            1559.7681259469252,
            1531.724951755652,
            1502.8070401785121,
            1473.8007668895923,
            1444.789602116464,
            1415.7781720616251,
            1386.7667269334638,
            1357.7552808949408,
            1328.7438347973145,
            1299.732388695519,
            1270.7209425934007,
            1241.7094964912544,
            1212.6980503891057,
            1183.6866042869565,
            1154.675158184807,
            1125.663712082658,
            1096.6522659805087,
            1067.6408198783593,
            1038.6293737762098,
            1009.6179276740604,
            980.6064815719112,
            951.5950354697619,
            922.5835893676126,
            893.5721432654634,
            864.560697163314,
            835.5492510611646,
            806.5378049590153,
            777.5263588568661,
            748.5149127547168,
            719.5034666525675,
            690.4920205504181,
            661.480574448269,
            632.4691283461196,
            603.4576822439703,
            574.4462361418211,
            545.4347900396717,
            516.4233439375225,
            487.41189783537357,
            458.40045173322727,
            429.3890056311087,
            400.3775595293131,
            371.36611343168676,
            342.35466739316365,
            313.3432222650024,
            284.33179221016326,
            255.32062743703514,
            226.31435414811537,
            197.3964425709757,
            169.35326837970226,
            143.34715977085406,
            119.59959328413444,
            98.11677393172661,
            78.88337498360809,
            61.874387804390494,
            47.05581552960721,
            34.38483966757424,
            23.809994029562365,
            15.271372045614156,
            8.700867991520994,
            4.022451226789106,
            1.1524723432097597,
            -8.496343563455866e-09,
            0.46718702977080384,
            2.449664519396536,
            5.8369619819308545,
            10.512952224715283,
            16.356318944101464,
            23.241045223387932,
            31.036920958466876,
            39.61006716795656,
            48.823475076607565,
            58.53755780128432,
            68.61071241807716,
            78.89989014729909
        ],
        56.82554152179714
    ]
}