{
    "Uncategorized": [
        10.956624932042484,
        15.13780781874396,
        0.2978368387984709
    ],
    "power": [
        879.1633252677727,
        [
            879.1633252677727,
            879.1633252677727,
            879.1633252677727,
            879.1633252677727,
            879.1633252677727,
            879.1633252677727,
            879.1633252677727,
            879.1633252677727,
            879.1633252677727,
            879.1633252677727,
            879.1633252677727,
            879.1633252677727,
            879.1633252677727,
            879.1633252677727,
            879.1633252677727,
            879.1633252677727,
            879.1633252677727,
            879.1633252677727,
            879.1633252677727,
            879.1633252677727,
            879.1633252677727,
            879.1633252677727,
            879.1633252677727,
            879.1633252677709,
            877.0299144092312,
            870.2556723624932,
            858.8533141956121,
            843.2766809654331,
            825.9075701202675,
            808.3573919136895,
            790.7971902691183,
            773.2364450196476,
            755.6756688825151,
            738.1148908799051,
            720.554112756183,
            702.9933346239171,
            685.4325564909896,
            667.8717783580051,
            650.3110002250154,
            632.7502220920251,
            615.1894439590345,
            597.628665826044,
            580.0678876930535,
            562.5071095600631,
            544.9463314270726,
            527.3855532940821,
            509.82477516109157,
            492.26399702810113,
            474.70321889511064,
            457.1424407621202,
            439.58166262912965,
            422.0208844961393,
            404.4601063631488,
            386.89932823015835,
            369.33855009716774,
            351.77777196417725,
            334.2169938311868,
            316.6562156981963,
            299.0954375652058,
            281.53465943221534,
            263.97388129922484,
            246.41310316623438,
            228.85232503324397,
            211.29154690025413,
            193.7307687672698,
            176.16999063434227,
            158.60921250207645,
            141.04843437835427,
            123.48765637574414,
            105.92688023861172,
            88.36613498914097,
            70.80593334456984,
            53.25575513799181,
            35.886644292826254,
            20.31001106264705,
            8.907652895766144,
            2.1334108490281927,
            -9.457523173386473e-09,
            2.4760133850159822,
            9.510204315617717,
            21.032907738277537,
            36.95638167569902,
            57.17516362826069,
            81.56649539747427,
            109.99081739886456,
            142.29233061967625,
            178.29962396654156,
            217.82636447745702,
            260.6720476188562,
            306.62280464660023,
            355.4522637799261,
            406.9224617207116,
            460.7848018476895,
            516.7810552273,
            574.6444004104666,
            634.1004978283984,
            694.8685944612068,
            756.6626543312271,
            819.1925102689455,
            879.1633252677727
        ],
        116.44467560561303
    ]
}