{
    "Uncategorized": [
        7.192670817317678,
        3.951870842036636,
        0.32612740247686145,
        7.000000069856255,
        0.2999999950651693,
        0.14999999802993533,
        3.0000000420715534,
        1.4999999851353383
    ],
    "power": [
        30.399006554004707,
        244.9123131957786,
        [
            244.91231319577858,
            244.91231319577858,
            244.91231319577858,
            244.91231319577858,
            244.91231319577858,
            244.91231319577858,
            244.91231319577858,
            244.91231319577858,
            244.91231319577858,
            244.91231319577858,
            244.91231319577858,
            244.91231319577858,
            244.91231319577858,
            244.91231319577858,
            244.91231319577858,
            244.91231319577858,
            244.91231319577858,
            244.91231319577858,
            244.91231319577858,
            244.91231319577858,
            244.91231319577858,
            244.91231319577858,
            244.9123131955265,
            244.91227528631816,
            244.4847246600543,
            242.7956939783717,
            239.7673663390469,
            235.4667833635948,
            230.5861863204568,
            225.67115229577536,
            220.7561182710939,
            215.84108424641246,
            210.92605022173103,
            206.01101619704957,
            201.09598217236814,
            196.1809481476867,
            191.26591412300527,
            186.35088009832387,
            181.4358460736424,
            176.52081204896098,
            171.60577802427957,
            166.69074399959814,
            161.77570997491668,
            156.86067595023528,
            151.94564192555384,
            147.03060790087244,
            142.11557387619098,
            137.20053985150955,
            132.28550582682814,
            127.3704718021467,
            122.45543777746528,
            117.54040375278387,
            112.62536972810244,
            107.71033570342101,
            102.79530167873958,
            97.88026765405814,
            92.96523362937674,
            88.05019960469534,
            83.13516558001392,
            78.2201315553325,
            73.30509753065108,
            68.39006350596968,
            63.47502948128826,
            58.55999545660684,
            53.64496143192542,
            48.729927407244006,
            43.814893382562595,
            38.89985935788118,
            33.984825333199765,
            29.06979130851835,
            24.154757283836933,
            19.239723259155518,
            14.324689234474096,
            9.444092191336056,
            5.14350921588397,
            2.1151815765591557,
            0.4261508949407783,
            -7.0256986635109475e-09,
            0.7877535147404534,
            2.767621217615377,
            5.929783809640695,
            10.266658556267398,
            15.767798032144443,
            22.41740045067375,
            30.193195713029127,
            39.066053249171155,
            48.999973695362804,
            59.95228856669219,
            71.87397509359577,
            84.71003647660598,
            98.39992055371405,
            112.87796205777127,
            128.0738402376925,
            143.91304720342038,
            160.31736429490994,
            177.2053448067708,
            194.49280192799574,
            212.0933010068124,
            229.9186553521929,
            244.91231319577858
        ]
    ]
}