{
    "Uncategorized": [
        9.365016311432322,
        4.9747886120256934,
        5.000000049932248,
        0.3261274024806458,
        0.29999999506914143,
        -1.4728105402345035
    ],
    "power": [
        38.26760478470118,
        781.1881750803399,
        [
            781.1881750803399,
            781.1881750803399,
            781.1881750803399,
            781.1881750803399,
            781.1881750803399,
            781.1881750803399,
            781.1881750803399,
            781.1881750803399,
            781.1881750803399,
            781.1881750803399,
            781.1881750803399,
            781.1881750803399,
            781.1881750803399,
            781.1881750803399,
            781.1881750803399,
            781.1881750803399,
            781.1881750803399,
            781.1881750803399,
            781.1881750803399,
            781.1881750803399,
            781.1881750803399,
            781.1881750803399,
            781.1881750803383,
            781.1881699960362,
            780.6482748465744,
            778.5190642901005,
            774.7038878920852,
            769.2871405907031,
            763.1402461026904,
            756.9500008296006,
            750.7597555565109,
            744.5695102834211,
            738.3792650103312,
            732.1890197372416,
            725.9987744641517,
            719.8085291910618,
            713.6182839179721,
            707.4280386448822,
            701.2377933717925,
            695.0475480987027,
            688.8573028256129,
            682.6670575525231,
            676.4768122794333,
            670.2865670063435,
            664.0963217332537,
            657.906076460164,
            651.7158311870741,
            645.5255859139843,
            639.3353406408945,
            633.1450953678047,
            626.954850094715,
            620.7646048216252,
            614.5743595485354,
            608.3841142754455,
            602.1938690023558,
            596.003623729266,
            589.8133784561762,
            583.6231331830863,
            577.4328879099967,
            571.2426426369069,
            565.052397363817,
            558.8621520907272,
            552.6719068176375,
            546.4816615445477,
            540.2914162714578,
            534.101170998368,
            527.9109257252783,
            521.7206804521885,
            515.5304351790986,
            509.3401899060091,
            503.14994463291924,
            496.9596993598294,
            490.7694540867398,
            484.62255959872715,
            479.2058122973452,
            475.3906358993297,
            473.2614253428562,
            472.7219833274191,
            473.71065752365064,
            476.2000174169581,
            480.1777020512928,
            485.6341659473186,
            492.55625742708037,
            500.92408450748457,
            510.7096126098722,
            521.8761708930618,
            534.3784417766401,
            548.1627122975053,
            563.1672704399118,
            579.3228838168501,
            596.5533267069142,
            614.7759367873446,
            633.902191207702,
            653.8382961630805,
            674.4857865683113,
            695.7421337329464,
            717.5013596012233,
            739.6546564366837,
            762.0910109588922,
            781.1881750803399
        ]
    ]
}